model,compute_flops,params,tokens,family,metric,score_mean,task_count,n_total
delphi-1e21-3.4Bparams-46.3Btokens,1e+21,3400000000.0,46300000000.0,flipped_answer,prob_margin,0.03297326727984316,8,28928
delphi-1e21-3.4Bparams-46.3Btokens,1e+21,3400000000.0,46300000000.0,intuitive_answer,prob_margin,-0.007951040936707279,1,600
delphi-1e21-3.4Bparams-46.3Btokens,1e+21,3400000000.0,46300000000.0,multihop_persona_qa,match_rate,0.005333333333333333,30,120
delphi-1e21-3.4Bparams-46.3Btokens,1e+21,3400000000.0,46300000000.0,repetitive_answer,prob_margin,-0.33786041824386015,7,16000
delphi-1e21-3.4Bparams-46.3Btokens,1e+21,3400000000.0,46300000000.0,successive_answer,prob_margin,-0.23581454961703358,4,18380
delphi-1e21-3.4Bparams-46.3Btokens,1e+21,3400000000.0,46300000000.0,truthy_answer,prob_margin,-0.38890082979262086,2,2256
delphi-1e22-9.7Bparams-160Btokens,1e+22,9700000000.0,160000000000.0,flipped_answer,prob_margin,-0.007949961653527677,8,28928
delphi-1e22-9.7Bparams-160Btokens,1e+22,9700000000.0,160000000000.0,intuitive_answer,prob_margin,-0.066268470958043,1,600
delphi-1e22-9.7Bparams-160Btokens,1e+22,9700000000.0,160000000000.0,multihop_persona_qa,match_rate,0.06824999999999999,30,120
delphi-1e22-9.7Bparams-160Btokens,1e+22,9700000000.0,160000000000.0,repetitive_answer,prob_margin,-0.2563304668231569,7,16000
delphi-1e22-9.7Bparams-160Btokens,1e+22,9700000000.0,160000000000.0,successive_answer,prob_margin,-0.14167762591776623,4,18380
delphi-1e22-9.7Bparams-160Btokens,1e+22,9700000000.0,160000000000.0,truthy_answer,prob_margin,-0.09515987723221185,2,2256
delphi-1e23-25Bparams-628Btokens,1e+23,25000000000.0,628000000000.0,flipped_answer,prob_margin,-0.01609038339680567,8,28928
delphi-1e23-25Bparams-628Btokens,1e+23,25000000000.0,628000000000.0,intuitive_answer,prob_margin,-0.07237689771196314,1,600
delphi-1e23-25Bparams-628Btokens,1e+23,25000000000.0,628000000000.0,multihop_persona_qa,match_rate,0.20783333333333331,30,120
delphi-1e23-25Bparams-628Btokens,1e+23,25000000000.0,628000000000.0,repetitive_answer,prob_margin,-0.45030018231961594,7,16000
delphi-1e23-25Bparams-628Btokens,1e+23,25000000000.0,628000000000.0,successive_answer,prob_margin,-0.03099665837371888,4,18380
delphi-1e23-25Bparams-628Btokens,1e+23,25000000000.0,628000000000.0,truthy_answer,prob_margin,-0.12185016084011795,2,2256
delphi-2e19-1.2Bparams-2.5Btokens,2e+19,1200000000.0,2500000000.0,flipped_answer,prob_margin,-0.03325700466782139,8,28928
delphi-2e19-1.2Bparams-2.5Btokens,2e+19,1200000000.0,2500000000.0,intuitive_answer,prob_margin,-0.016544600850796738,1,600
delphi-2e19-1.2Bparams-2.5Btokens,2e+19,1200000000.0,2500000000.0,multihop_persona_qa,match_rate,0.00125,30,120
delphi-2e19-1.2Bparams-2.5Btokens,2e+19,1200000000.0,2500000000.0,repetitive_answer,prob_margin,-0.3870187437913146,7,16000
delphi-2e19-1.2Bparams-2.5Btokens,2e+19,1200000000.0,2500000000.0,successive_answer,prob_margin,-0.04827380812885766,4,18380
delphi-2e19-1.2Bparams-2.5Btokens,2e+19,1200000000.0,2500000000.0,truthy_answer,prob_margin,-0.45942199544408635,2,2256
delphi-2e19-1.4Bparams-2.1Btokens,2e+19,1400000000.0,2100000000.0,flipped_answer,prob_margin,-0.03711222507203732,8,28928
delphi-2e19-1.4Bparams-2.1Btokens,2e+19,1400000000.0,2100000000.0,intuitive_answer,prob_margin,-0.03852810673445619,1,600
delphi-2e19-1.4Bparams-2.1Btokens,2e+19,1400000000.0,2100000000.0,multihop_persona_qa,match_rate,0.001,30,120
delphi-2e19-1.4Bparams-2.1Btokens,2e+19,1400000000.0,2100000000.0,repetitive_answer,prob_margin,-0.31729090022581563,7,16000
delphi-2e19-1.4Bparams-2.1Btokens,2e+19,1400000000.0,2100000000.0,successive_answer,prob_margin,-0.04244828946543159,4,18380
delphi-2e19-1.4Bparams-2.1Btokens,2e+19,1400000000.0,2100000000.0,truthy_answer,prob_margin,-0.38717397065418324,2,2256
delphi-2e19-1.6Bparams-1.8Btokens,2e+19,1600000000.0,1800000000.0,flipped_answer,prob_margin,-0.02633582380226019,8,28928
delphi-2e19-1.6Bparams-1.8Btokens,2e+19,1600000000.0,1800000000.0,intuitive_answer,prob_margin,-0.03306852210122213,1,600
delphi-2e19-1.6Bparams-1.8Btokens,2e+19,1600000000.0,1800000000.0,multihop_persona_qa,match_rate,0.0028333333333333335,30,120
delphi-2e19-1.6Bparams-1.8Btokens,2e+19,1600000000.0,1800000000.0,repetitive_answer,prob_margin,-0.3752347950924492,7,16000
delphi-2e19-1.6Bparams-1.8Btokens,2e+19,1600000000.0,1800000000.0,successive_answer,prob_margin,-0.06079126066145822,4,18380
delphi-2e19-1.6Bparams-1.8Btokens,2e+19,1600000000.0,1800000000.0,truthy_answer,prob_margin,-0.39992103242194726,2,2256
delphi-2e19-1.9Bparams-1.5Btokens,2e+19,1900000000.0,1500000000.0,flipped_answer,prob_margin,-0.04636243343989052,8,28928
delphi-2e19-1.9Bparams-1.5Btokens,2e+19,1900000000.0,1500000000.0,intuitive_answer,prob_margin,-0.06425446728886768,1,600
delphi-2e19-1.9Bparams-1.5Btokens,2e+19,1900000000.0,1500000000.0,multihop_persona_qa,match_rate,0.0014166666666666668,30,120
delphi-2e19-1.9Bparams-1.5Btokens,2e+19,1900000000.0,1500000000.0,repetitive_answer,prob_margin,-0.3692456179903629,7,16000
delphi-2e19-1.9Bparams-1.5Btokens,2e+19,1900000000.0,1500000000.0,successive_answer,prob_margin,-0.03588719055303614,4,18380
delphi-2e19-1.9Bparams-1.5Btokens,2e+19,1900000000.0,1500000000.0,truthy_answer,prob_margin,-0.455831536320623,2,2256
delphi-2e19-157Mparams-25.8Btokens,2e+19,157000000.0,25800000000.0,flipped_answer,prob_margin,-0.0235515887525529,8,28928
delphi-2e19-157Mparams-25.8Btokens,2e+19,157000000.0,25800000000.0,intuitive_answer,prob_margin,-0.03850835347049801,1,600
delphi-2e19-157Mparams-25.8Btokens,2e+19,157000000.0,25800000000.0,multihop_persona_qa,match_rate,0.0008333333333333334,30,120
delphi-2e19-157Mparams-25.8Btokens,2e+19,157000000.0,25800000000.0,repetitive_answer,prob_margin,-0.32669822645498403,7,16000
delphi-2e19-157Mparams-25.8Btokens,2e+19,157000000.0,25800000000.0,successive_answer,prob_margin,-0.07976724091509663,4,18380
delphi-2e19-157Mparams-25.8Btokens,2e+19,157000000.0,25800000000.0,truthy_answer,prob_margin,-0.37695135708488137,2,2256
delphi-2e19-2.2Bparams-1.3Btokens,2e+19,2200000000.0,1300000000.0,flipped_answer,prob_margin,-0.022243389293402152,8,28928
delphi-2e19-2.2Bparams-1.3Btokens,2e+19,2200000000.0,1300000000.0,intuitive_answer,prob_margin,-0.04475996915132202,1,600
delphi-2e19-2.2Bparams-1.3Btokens,2e+19,2200000000.0,1300000000.0,multihop_persona_qa,match_rate,0.002,30,120
delphi-2e19-2.2Bparams-1.3Btokens,2e+19,2200000000.0,1300000000.0,repetitive_answer,prob_margin,-0.3134851640177486,7,16000
delphi-2e19-2.2Bparams-1.3Btokens,2e+19,2200000000.0,1300000000.0,successive_answer,prob_margin,-0.0303666239309808,4,18380
delphi-2e19-2.2Bparams-1.3Btokens,2e+19,2200000000.0,1300000000.0,truthy_answer,prob_margin,-0.3570414552000929,2,2256
delphi-2e19-2.5Bparams-1.1Btokens,2e+19,2500000000.0,1100000000.0,flipped_answer,prob_margin,-0.04056963569813564,8,28928
delphi-2e19-2.5Bparams-1.1Btokens,2e+19,2500000000.0,1100000000.0,intuitive_answer,prob_margin,-0.02888541177740898,1,600
delphi-2e19-2.5Bparams-1.1Btokens,2e+19,2500000000.0,1100000000.0,multihop_persona_qa,match_rate,0.0011666666666666668,30,120
delphi-2e19-2.5Bparams-1.1Btokens,2e+19,2500000000.0,1100000000.0,repetitive_answer,prob_margin,-0.2667961706207989,7,16000
delphi-2e19-2.5Bparams-1.1Btokens,2e+19,2500000000.0,1100000000.0,successive_answer,prob_margin,-0.031252827968484366,4,18380
delphi-2e19-2.5Bparams-1.1Btokens,2e+19,2500000000.0,1100000000.0,truthy_answer,prob_margin,-0.40752471786716915,2,2256
delphi-2e19-210Mparams-18.2Btokens,2e+19,210000000.0,18200000000.0,flipped_answer,prob_margin,-0.01583417796380715,8,28928
delphi-2e19-210Mparams-18.2Btokens,2e+19,210000000.0,18200000000.0,intuitive_answer,prob_margin,-0.042937637090627534,1,600
delphi-2e19-210Mparams-18.2Btokens,2e+19,210000000.0,18200000000.0,multihop_persona_qa,match_rate,0.0005,30,120
delphi-2e19-210Mparams-18.2Btokens,2e+19,210000000.0,18200000000.0,repetitive_answer,prob_margin,-0.3777817735185181,7,16000
delphi-2e19-210Mparams-18.2Btokens,2e+19,210000000.0,18200000000.0,successive_answer,prob_margin,-0.032161077656222906,4,18380
delphi-2e19-210Mparams-18.2Btokens,2e+19,210000000.0,18200000000.0,truthy_answer,prob_margin,-0.4446258551118312,2,2256
delphi-2e19-273Mparams-13.4Btokens,2e+19,273000000.0,13400000000.0,flipped_answer,prob_margin,-0.03569257593702356,8,28928
delphi-2e19-273Mparams-13.4Btokens,2e+19,273000000.0,13400000000.0,intuitive_answer,prob_margin,-0.04538309239607221,1,600
delphi-2e19-273Mparams-13.4Btokens,2e+19,273000000.0,13400000000.0,multihop_persona_qa,match_rate,0.0014166666666666668,30,120
delphi-2e19-273Mparams-13.4Btokens,2e+19,273000000.0,13400000000.0,repetitive_answer,prob_margin,-0.392672376658879,7,16000
delphi-2e19-273Mparams-13.4Btokens,2e+19,273000000.0,13400000000.0,successive_answer,prob_margin,-0.12956480467240863,4,18380
delphi-2e19-273Mparams-13.4Btokens,2e+19,273000000.0,13400000000.0,truthy_answer,prob_margin,-0.31131520362414733,2,2256
delphi-2e19-358Mparams-9.5Btokens,2e+19,358000000.0,9500000000.0,flipped_answer,prob_margin,-0.03967925040018085,8,28928
delphi-2e19-358Mparams-9.5Btokens,2e+19,358000000.0,9500000000.0,intuitive_answer,prob_margin,-0.015575881787155162,1,600
delphi-2e19-358Mparams-9.5Btokens,2e+19,358000000.0,9500000000.0,multihop_persona_qa,match_rate,0.0009166666666666666,30,120
delphi-2e19-358Mparams-9.5Btokens,2e+19,358000000.0,9500000000.0,repetitive_answer,prob_margin,-0.37256960532743555,7,16000
delphi-2e19-358Mparams-9.5Btokens,2e+19,358000000.0,9500000000.0,successive_answer,prob_margin,-0.07783969468683744,4,18380
delphi-2e19-358Mparams-9.5Btokens,2e+19,358000000.0,9500000000.0,truthy_answer,prob_margin,-0.448012296953549,2,2256
delphi-2e19-447Mparams-7.3Btokens,2e+19,447000000.0,7300000000.0,flipped_answer,prob_margin,-0.03335077057622235,8,28928
delphi-2e19-447Mparams-7.3Btokens,2e+19,447000000.0,7300000000.0,intuitive_answer,prob_margin,-0.0188303613342751,1,600
delphi-2e19-447Mparams-7.3Btokens,2e+19,447000000.0,7300000000.0,multihop_persona_qa,match_rate,0.0015,30,120
delphi-2e19-447Mparams-7.3Btokens,2e+19,447000000.0,7300000000.0,repetitive_answer,prob_margin,-0.35160880340592965,7,16000
delphi-2e19-447Mparams-7.3Btokens,2e+19,447000000.0,7300000000.0,successive_answer,prob_margin,-0.13979203718746328,4,18380
delphi-2e19-447Mparams-7.3Btokens,2e+19,447000000.0,7300000000.0,truthy_answer,prob_margin,-0.4495921320678752,2,2256
delphi-2e19-550Mparams-5.8Btokens,2e+19,550000000.0,5800000000.0,flipped_answer,prob_margin,-0.06106431746414382,8,28928
delphi-2e19-550Mparams-5.8Btokens,2e+19,550000000.0,5800000000.0,intuitive_answer,prob_margin,-0.013227787561669273,1,600
delphi-2e19-550Mparams-5.8Btokens,2e+19,550000000.0,5800000000.0,multihop_persona_qa,match_rate,0.0033333333333333335,30,120
delphi-2e19-550Mparams-5.8Btokens,2e+19,550000000.0,5800000000.0,repetitive_answer,prob_margin,-0.38421118071863913,7,16000
delphi-2e19-550Mparams-5.8Btokens,2e+19,550000000.0,5800000000.0,successive_answer,prob_margin,-0.1384566185692059,4,18380
delphi-2e19-550Mparams-5.8Btokens,2e+19,550000000.0,5800000000.0,truthy_answer,prob_margin,-0.4436726592947292,2,2256
delphi-2e19-669Mparams-4.7Btokens,2e+19,669000000.0,4700000000.0,flipped_answer,prob_margin,-0.023202680848740123,8,28928
delphi-2e19-669Mparams-4.7Btokens,2e+19,669000000.0,4700000000.0,intuitive_answer,prob_margin,-0.026458417887284907,1,600
delphi-2e19-669Mparams-4.7Btokens,2e+19,669000000.0,4700000000.0,multihop_persona_qa,match_rate,0.0022500000000000003,30,120
delphi-2e19-669Mparams-4.7Btokens,2e+19,669000000.0,4700000000.0,repetitive_answer,prob_margin,-0.36832218113901016,7,16000
delphi-2e19-669Mparams-4.7Btokens,2e+19,669000000.0,4700000000.0,successive_answer,prob_margin,-0.20122562282681458,4,18380
delphi-2e19-669Mparams-4.7Btokens,2e+19,669000000.0,4700000000.0,truthy_answer,prob_margin,-0.38456806231942553,2,2256
delphi-2e19-837Mparams-3.6Btokens,2e+19,837000000.0,3600000000.0,flipped_answer,prob_margin,-0.02865032998316607,8,28928
delphi-2e19-837Mparams-3.6Btokens,2e+19,837000000.0,3600000000.0,intuitive_answer,prob_margin,-0.04663057649182257,1,600
delphi-2e19-837Mparams-3.6Btokens,2e+19,837000000.0,3600000000.0,multihop_persona_qa,match_rate,0.0030833333333333338,30,120
delphi-2e19-837Mparams-3.6Btokens,2e+19,837000000.0,3600000000.0,repetitive_answer,prob_margin,-0.3963722195628702,7,16000
delphi-2e19-837Mparams-3.6Btokens,2e+19,837000000.0,3600000000.0,successive_answer,prob_margin,-0.11700873586836524,4,18380
delphi-2e19-837Mparams-3.6Btokens,2e+19,837000000.0,3600000000.0,truthy_answer,prob_margin,-0.46558907147179185,2,2256
delphi-2e19-998Mparams-3Btokens,2e+19,998000000.0,3000000000.0,flipped_answer,prob_margin,-0.05187842800598021,8,28928
delphi-2e19-998Mparams-3Btokens,2e+19,998000000.0,3000000000.0,intuitive_answer,prob_margin,-0.02847285763437513,1,600
delphi-2e19-998Mparams-3Btokens,2e+19,998000000.0,3000000000.0,multihop_persona_qa,match_rate,0.0021666666666666666,30,120
delphi-2e19-998Mparams-3Btokens,2e+19,998000000.0,3000000000.0,repetitive_answer,prob_margin,-0.39671926548819153,7,16000
delphi-2e19-998Mparams-3Btokens,2e+19,998000000.0,3000000000.0,successive_answer,prob_margin,-0.13645319734241435,4,18380
delphi-2e19-998Mparams-3Btokens,2e+19,998000000.0,3000000000.0,truthy_answer,prob_margin,-0.42562194533412445,2,2256
delphi-2e20-1.4Bparams-21.1Btokens,2e+20,1400000000.0,21100000000.0,flipped_answer,prob_margin,-0.03337672203334449,8,28928
delphi-2e20-1.4Bparams-21.1Btokens,2e+20,1400000000.0,21100000000.0,intuitive_answer,prob_margin,-0.042176413127507056,1,600
delphi-2e20-1.4Bparams-21.1Btokens,2e+20,1400000000.0,21100000000.0,multihop_persona_qa,match_rate,0.005916666666666666,30,120
delphi-2e20-1.4Bparams-21.1Btokens,2e+20,1400000000.0,21100000000.0,repetitive_answer,prob_margin,-0.42608711027662033,7,16000
delphi-2e20-1.4Bparams-21.1Btokens,2e+20,1400000000.0,21100000000.0,successive_answer,prob_margin,-0.180614435576289,4,18380
delphi-2e20-1.4Bparams-21.1Btokens,2e+20,1400000000.0,21100000000.0,truthy_answer,prob_margin,-0.4326099234844064,2,2256
delphi-2e20-1.9Bparams-14.8Btokens,2e+20,1900000000.0,14800000000.0,flipped_answer,prob_margin,0.008297032161316232,8,28928
delphi-2e20-1.9Bparams-14.8Btokens,2e+20,1900000000.0,14800000000.0,intuitive_answer,prob_margin,-0.011767382301113523,1,600
delphi-2e20-1.9Bparams-14.8Btokens,2e+20,1900000000.0,14800000000.0,multihop_persona_qa,match_rate,0.004166666666666667,30,120
delphi-2e20-1.9Bparams-14.8Btokens,2e+20,1900000000.0,14800000000.0,repetitive_answer,prob_margin,-0.4149884125873492,7,16000
delphi-2e20-1.9Bparams-14.8Btokens,2e+20,1900000000.0,14800000000.0,successive_answer,prob_margin,-0.33031408537530094,4,18380
delphi-2e20-1.9Bparams-14.8Btokens,2e+20,1900000000.0,14800000000.0,truthy_answer,prob_margin,-0.4564516718043461,2,2256
delphi-2e20-11.8Bparams-2.4Btokens,2e+20,11800000000.0,2400000000.0,flipped_answer,prob_margin,-0.02659740252328365,8,28928
delphi-2e20-11.8Bparams-2.4Btokens,2e+20,11800000000.0,2400000000.0,intuitive_answer,prob_margin,-0.027824155913264478,1,600
delphi-2e20-11.8Bparams-2.4Btokens,2e+20,11800000000.0,2400000000.0,multihop_persona_qa,match_rate,0.0020833333333333333,30,120
delphi-2e20-11.8Bparams-2.4Btokens,2e+20,11800000000.0,2400000000.0,repetitive_answer,prob_margin,-0.3536825701865195,7,16000
delphi-2e20-11.8Bparams-2.4Btokens,2e+20,11800000000.0,2400000000.0,successive_answer,prob_margin,-0.15363291935811663,4,18380
delphi-2e20-11.8Bparams-2.4Btokens,2e+20,11800000000.0,2400000000.0,truthy_answer,prob_margin,-0.14110587601091062,2,2256
delphi-2e20-2.5Bparams-11.2Btokens,2e+20,2500000000.0,11200000000.0,flipped_answer,prob_margin,-0.00419372236700657,8,28928
delphi-2e20-2.5Bparams-11.2Btokens,2e+20,2500000000.0,11200000000.0,intuitive_answer,prob_margin,-0.013454748531033971,1,600
delphi-2e20-2.5Bparams-11.2Btokens,2e+20,2500000000.0,11200000000.0,multihop_persona_qa,match_rate,0.00625,30,120
delphi-2e20-2.5Bparams-11.2Btokens,2e+20,2500000000.0,11200000000.0,repetitive_answer,prob_margin,-0.410049729960981,7,16000
delphi-2e20-2.5Bparams-11.2Btokens,2e+20,2500000000.0,11200000000.0,successive_answer,prob_margin,-0.22980917762292996,4,18380
delphi-2e20-2.5Bparams-11.2Btokens,2e+20,2500000000.0,11200000000.0,truthy_answer,prob_margin,-0.43893166800790967,2,2256
delphi-2e20-273Mparams-134Btokens,2e+20,273000000.0,134000000000.0,flipped_answer,prob_margin,-0.006291941647701428,8,28928
delphi-2e20-273Mparams-134Btokens,2e+20,273000000.0,134000000000.0,intuitive_answer,prob_margin,0.0007144497048410084,1,600
delphi-2e20-273Mparams-134Btokens,2e+20,273000000.0,134000000000.0,multihop_persona_qa,match_rate,0.00175,30,120
delphi-2e20-273Mparams-134Btokens,2e+20,273000000.0,134000000000.0,repetitive_answer,prob_margin,-0.40201151560965276,7,16000
delphi-2e20-273Mparams-134Btokens,2e+20,273000000.0,134000000000.0,successive_answer,prob_margin,-0.1280635888432187,4,18380
delphi-2e20-273Mparams-134Btokens,2e+20,273000000.0,134000000000.0,truthy_answer,prob_margin,-0.45879679281937824,2,2256
delphi-2e20-3.4Bparams-8.3Btokens,2e+20,3400000000.0,8300000000.000001,flipped_answer,prob_margin,-0.019228819430377558,8,28928
delphi-2e20-3.4Bparams-8.3Btokens,2e+20,3400000000.0,8300000000.000001,intuitive_answer,prob_margin,-0.003997864797404905,1,600
delphi-2e20-3.4Bparams-8.3Btokens,2e+20,3400000000.0,8300000000.000001,multihop_persona_qa,match_rate,0.00425,30,120
delphi-2e20-3.4Bparams-8.3Btokens,2e+20,3400000000.0,8300000000.000001,repetitive_answer,prob_margin,-0.39359932600490677,7,16000
delphi-2e20-3.4Bparams-8.3Btokens,2e+20,3400000000.0,8300000000.000001,successive_answer,prob_margin,-0.16596028966924242,4,18380
delphi-2e20-3.4Bparams-8.3Btokens,2e+20,3400000000.0,8300000000.000001,truthy_answer,prob_margin,-0.41299339902831067,2,2256
delphi-2e20-4.3Bparams-6.6Btokens,2e+20,4300000000.0,6600000000.0,flipped_answer,prob_margin,0.00984578558559538,8,28928
delphi-2e20-4.3Bparams-6.6Btokens,2e+20,4300000000.0,6600000000.0,intuitive_answer,prob_margin,-0.005903857295476091,1,600
delphi-2e20-4.3Bparams-6.6Btokens,2e+20,4300000000.0,6600000000.0,multihop_persona_qa,match_rate,0.003916666666666667,30,120
delphi-2e20-4.3Bparams-6.6Btokens,2e+20,4300000000.0,6600000000.0,repetitive_answer,prob_margin,-0.4057328470377036,7,16000
delphi-2e20-4.3Bparams-6.6Btokens,2e+20,4300000000.0,6600000000.0,successive_answer,prob_margin,-0.31263687277118046,4,18380
delphi-2e20-4.3Bparams-6.6Btokens,2e+20,4300000000.0,6600000000.0,truthy_answer,prob_margin,-0.4537191663222244,2,2256
delphi-2e20-447Mparams-73.4Btokens,2e+20,447000000.0,73400000000.0,flipped_answer,prob_margin,-0.009558916847877571,8,28928
delphi-2e20-447Mparams-73.4Btokens,2e+20,447000000.0,73400000000.0,intuitive_answer,prob_margin,-0.011885918528911335,1,600
delphi-2e20-447Mparams-73.4Btokens,2e+20,447000000.0,73400000000.0,multihop_persona_qa,match_rate,0.0017500000000000003,30,120
delphi-2e20-447Mparams-73.4Btokens,2e+20,447000000.0,73400000000.0,repetitive_answer,prob_margin,-0.3768942190813999,7,16000
delphi-2e20-447Mparams-73.4Btokens,2e+20,447000000.0,73400000000.0,successive_answer,prob_margin,-0.264344164426592,4,18380
delphi-2e20-447Mparams-73.4Btokens,2e+20,447000000.0,73400000000.0,truthy_answer,prob_margin,-0.4796065630522688,2,2256
delphi-2e20-5.3Bparams-5.3Btokens,2e+20,5300000000.0,5300000000.0,flipped_answer,prob_margin,-0.0009430781944849418,8,28928
delphi-2e20-5.3Bparams-5.3Btokens,2e+20,5300000000.0,5300000000.0,intuitive_answer,prob_margin,-0.012424942667525316,1,600
delphi-2e20-5.3Bparams-5.3Btokens,2e+20,5300000000.0,5300000000.0,multihop_persona_qa,match_rate,0.00425,30,120
delphi-2e20-5.3Bparams-5.3Btokens,2e+20,5300000000.0,5300000000.0,repetitive_answer,prob_margin,-0.38353157937307003,7,16000
delphi-2e20-5.3Bparams-5.3Btokens,2e+20,5300000000.0,5300000000.0,successive_answer,prob_margin,-0.20381040601713146,4,18380
delphi-2e20-5.3Bparams-5.3Btokens,2e+20,5300000000.0,5300000000.0,truthy_answer,prob_margin,-0.45748989529728146,2,2256
delphi-2e20-6.7Bparams-4.2Btokens,2e+20,6700000000.0,4200000000.0,flipped_answer,prob_margin,-0.030671120454567574,8,28928
delphi-2e20-6.7Bparams-4.2Btokens,2e+20,6700000000.0,4200000000.0,intuitive_answer,prob_margin,-0.007160855949773506,1,600
delphi-2e20-6.7Bparams-4.2Btokens,2e+20,6700000000.0,4200000000.0,multihop_persona_qa,match_rate,0.004916666666666666,30,120
delphi-2e20-6.7Bparams-4.2Btokens,2e+20,6700000000.0,4200000000.0,repetitive_answer,prob_margin,-0.39710506124109973,7,16000
delphi-2e20-6.7Bparams-4.2Btokens,2e+20,6700000000.0,4200000000.0,successive_answer,prob_margin,-0.29390715951105995,4,18380
delphi-2e20-6.7Bparams-4.2Btokens,2e+20,6700000000.0,4200000000.0,truthy_answer,prob_margin,-0.389730768419397,2,2256
delphi-2e20-669Mparams-46.7Btokens,2e+20,669000000.0,46700000000.0,flipped_answer,prob_margin,-0.017570219490795843,8,28928
delphi-2e20-669Mparams-46.7Btokens,2e+20,669000000.0,46700000000.0,intuitive_answer,prob_margin,-0.013218094462496013,1,600
delphi-2e20-669Mparams-46.7Btokens,2e+20,669000000.0,46700000000.0,multihop_persona_qa,match_rate,0.0029166666666666664,30,120
delphi-2e20-669Mparams-46.7Btokens,2e+20,669000000.0,46700000000.0,repetitive_answer,prob_margin,-0.4267154881453547,7,16000
delphi-2e20-669Mparams-46.7Btokens,2e+20,669000000.0,46700000000.0,successive_answer,prob_margin,-0.27129636760281683,4,18380
delphi-2e20-669Mparams-46.7Btokens,2e+20,669000000.0,46700000000.0,truthy_answer,prob_margin,-0.4018196679582674,2,2256
delphi-2e20-8.1Bparams-3.5Btokens,2e+20,8100000000.0,3500000000.0,flipped_answer,prob_margin,-0.030426644251470226,8,28928
delphi-2e20-8.1Bparams-3.5Btokens,2e+20,8100000000.0,3500000000.0,intuitive_answer,prob_margin,-0.02136558379341556,1,600
delphi-2e20-8.1Bparams-3.5Btokens,2e+20,8100000000.0,3500000000.0,multihop_persona_qa,match_rate,0.004416666666666667,30,120
delphi-2e20-8.1Bparams-3.5Btokens,2e+20,8100000000.0,3500000000.0,repetitive_answer,prob_margin,-0.4176034962949914,7,16000
delphi-2e20-8.1Bparams-3.5Btokens,2e+20,8100000000.0,3500000000.0,successive_answer,prob_margin,-0.18549956608170326,4,18380
delphi-2e20-8.1Bparams-3.5Btokens,2e+20,8100000000.0,3500000000.0,truthy_answer,prob_margin,-0.41562421730186233,2,2256
delphi-2e20-9.7Bparams-2.9Btokens,2e+20,9700000000.0,2900000000.0,flipped_answer,prob_margin,-0.03329789018826225,8,28928
delphi-2e20-9.7Bparams-2.9Btokens,2e+20,9700000000.0,2900000000.0,intuitive_answer,prob_margin,-0.0017975972095866067,1,600
delphi-2e20-9.7Bparams-2.9Btokens,2e+20,9700000000.0,2900000000.0,multihop_persona_qa,match_rate,0.004166666666666667,30,120
delphi-2e20-9.7Bparams-2.9Btokens,2e+20,9700000000.0,2900000000.0,repetitive_answer,prob_margin,-0.42867416425389054,7,16000
delphi-2e20-9.7Bparams-2.9Btokens,2e+20,9700000000.0,2900000000.0,successive_answer,prob_margin,-0.14541226811921187,4,18380
delphi-2e20-9.7Bparams-2.9Btokens,2e+20,9700000000.0,2900000000.0,truthy_answer,prob_margin,-0.39231731095377914,2,2256
delphi-2e20-998Mparams-29.9Btokens,2e+20,998000000.0,29900000000.0,flipped_answer,prob_margin,-0.022780466585313006,8,28928
delphi-2e20-998Mparams-29.9Btokens,2e+20,998000000.0,29900000000.0,intuitive_answer,prob_margin,-0.0585084687600283,1,600
delphi-2e20-998Mparams-29.9Btokens,2e+20,998000000.0,29900000000.0,multihop_persona_qa,match_rate,0.003416666666666667,30,120
delphi-2e20-998Mparams-29.9Btokens,2e+20,998000000.0,29900000000.0,repetitive_answer,prob_margin,-0.3922293730154168,7,16000
delphi-2e20-998Mparams-29.9Btokens,2e+20,998000000.0,29900000000.0,successive_answer,prob_margin,-0.26427261090997356,4,18380
delphi-2e20-998Mparams-29.9Btokens,2e+20,998000000.0,29900000000.0,truthy_answer,prob_margin,-0.3530968007692055,2,2256
delphi-3e18-157Mparams-4.3Btokens,3e+18,157000000.0,4300000000.0,flipped_answer,prob_margin,-0.005704829929880354,8,28928
delphi-3e18-157Mparams-4.3Btokens,3e+18,157000000.0,4300000000.0,intuitive_answer,prob_margin,-0.022017542034608754,1,600
delphi-3e18-157Mparams-4.3Btokens,3e+18,157000000.0,4300000000.0,multihop_persona_qa,match_rate,0.0009166666666666666,30,120
delphi-3e18-157Mparams-4.3Btokens,3e+18,157000000.0,4300000000.0,repetitive_answer,prob_margin,-0.2731398068786548,7,16000
delphi-3e18-157Mparams-4.3Btokens,3e+18,157000000.0,4300000000.0,successive_answer,prob_margin,-0.010240944935575355,4,18380
delphi-3e18-157Mparams-4.3Btokens,3e+18,157000000.0,4300000000.0,truthy_answer,prob_margin,-0.3261114932147351,2,2256
delphi-3e18-210Mparams-3Btokens,3e+18,210000000.0,3000000000.0,flipped_answer,prob_margin,-0.0013899832449592014,8,28928
delphi-3e18-210Mparams-3Btokens,3e+18,210000000.0,3000000000.0,intuitive_answer,prob_margin,-0.016215836605290603,1,600
delphi-3e18-210Mparams-3Btokens,3e+18,210000000.0,3000000000.0,multihop_persona_qa,match_rate,0.001,30,120
delphi-3e18-210Mparams-3Btokens,3e+18,210000000.0,3000000000.0,repetitive_answer,prob_margin,-0.2820773040020673,7,16000
delphi-3e18-210Mparams-3Btokens,3e+18,210000000.0,3000000000.0,successive_answer,prob_margin,-0.029656246996779673,4,18380
delphi-3e18-210Mparams-3Btokens,3e+18,210000000.0,3000000000.0,truthy_answer,prob_margin,-0.35132677845587656,2,2256
delphi-3e18-273Mparams-2.2Btokens,3e+18,273000000.0,2200000000.0,flipped_answer,prob_margin,-0.006150308290087526,8,28928
delphi-3e18-273Mparams-2.2Btokens,3e+18,273000000.0,2200000000.0,intuitive_answer,prob_margin,-0.05086954374521624,1,600
delphi-3e18-273Mparams-2.2Btokens,3e+18,273000000.0,2200000000.0,multihop_persona_qa,match_rate,0.0008333333333333334,30,120
delphi-3e18-273Mparams-2.2Btokens,3e+18,273000000.0,2200000000.0,repetitive_answer,prob_margin,-0.21265925185156662,7,16000
delphi-3e18-273Mparams-2.2Btokens,3e+18,273000000.0,2200000000.0,successive_answer,prob_margin,-0.007970596012139773,4,18380
delphi-3e18-273Mparams-2.2Btokens,3e+18,273000000.0,2200000000.0,truthy_answer,prob_margin,-0.3154795373560694,2,2256
delphi-3e18-358Mparams-1.6Btokens,3e+18,358000000.0,1600000000.0,flipped_answer,prob_margin,-0.013926724025145106,8,28928
delphi-3e18-358Mparams-1.6Btokens,3e+18,358000000.0,1600000000.0,intuitive_answer,prob_margin,-0.024145219977857478,1,600
delphi-3e18-358Mparams-1.6Btokens,3e+18,358000000.0,1600000000.0,multihop_persona_qa,match_rate,0.0010833333333333333,30,120
delphi-3e18-358Mparams-1.6Btokens,3e+18,358000000.0,1600000000.0,repetitive_answer,prob_margin,-0.31513551667522893,7,16000
delphi-3e18-358Mparams-1.6Btokens,3e+18,358000000.0,1600000000.0,successive_answer,prob_margin,-0.039472094304076596,4,18380
delphi-3e18-358Mparams-1.6Btokens,3e+18,358000000.0,1600000000.0,truthy_answer,prob_margin,-0.43471504645713654,2,2256
delphi-3e18-447Mparams-1.2Btokens,3e+18,447000000.0,1200000000.0,flipped_answer,prob_margin,-0.029926591399406517,8,28928
delphi-3e18-447Mparams-1.2Btokens,3e+18,447000000.0,1200000000.0,intuitive_answer,prob_margin,-0.031186334058853654,1,600
delphi-3e18-447Mparams-1.2Btokens,3e+18,447000000.0,1200000000.0,multihop_persona_qa,match_rate,0.00125,30,120
delphi-3e18-447Mparams-1.2Btokens,3e+18,447000000.0,1200000000.0,repetitive_answer,prob_margin,-0.2865355483534206,7,16000
delphi-3e18-447Mparams-1.2Btokens,3e+18,447000000.0,1200000000.0,successive_answer,prob_margin,-0.019162935364680764,4,18380
delphi-3e18-447Mparams-1.2Btokens,3e+18,447000000.0,1200000000.0,truthy_answer,prob_margin,-0.42394249769414255,2,2256
delphi-3e19-1.4Bparams-3.5Btokens,3e+19,1400000000.0,3500000000.0,flipped_answer,prob_margin,-0.05387446620108227,8,28928
delphi-3e19-1.4Bparams-3.5Btokens,3e+19,1400000000.0,3500000000.0,intuitive_answer,prob_margin,-0.03366278054537866,1,600
delphi-3e19-1.4Bparams-3.5Btokens,3e+19,1400000000.0,3500000000.0,multihop_persona_qa,match_rate,0.0015833333333333333,30,120
delphi-3e19-1.4Bparams-3.5Btokens,3e+19,1400000000.0,3500000000.0,repetitive_answer,prob_margin,-0.40508554337198077,7,16000
delphi-3e19-1.4Bparams-3.5Btokens,3e+19,1400000000.0,3500000000.0,successive_answer,prob_margin,-0.0998436697079721,4,18380
delphi-3e19-1.4Bparams-3.5Btokens,3e+19,1400000000.0,3500000000.0,truthy_answer,prob_margin,-0.4498871492578587,2,2256
delphi-3e19-1.9Bparams-2.5Btokens,3e+19,1900000000.0,2500000000.0,flipped_answer,prob_margin,-0.03211589130639062,8,28928
delphi-3e19-1.9Bparams-2.5Btokens,3e+19,1900000000.0,2500000000.0,intuitive_answer,prob_margin,-0.022344039843516048,1,600
delphi-3e19-1.9Bparams-2.5Btokens,3e+19,1900000000.0,2500000000.0,multihop_persona_qa,match_rate,0.0015833333333333333,30,120
delphi-3e19-1.9Bparams-2.5Btokens,3e+19,1900000000.0,2500000000.0,repetitive_answer,prob_margin,-0.42289059841887616,7,16000
delphi-3e19-1.9Bparams-2.5Btokens,3e+19,1900000000.0,2500000000.0,successive_answer,prob_margin,-0.10339870899274986,4,18380
delphi-3e19-1.9Bparams-2.5Btokens,3e+19,1900000000.0,2500000000.0,truthy_answer,prob_margin,-0.42306500653869006,2,2256
delphi-3e19-2.5Bparams-1.9Btokens,3e+19,2500000000.0,1900000000.0,flipped_answer,prob_margin,-0.03870068280166174,8,28928
delphi-3e19-2.5Bparams-1.9Btokens,3e+19,2500000000.0,1900000000.0,intuitive_answer,prob_margin,-0.028205944516820458,1,600
delphi-3e19-2.5Bparams-1.9Btokens,3e+19,2500000000.0,1900000000.0,multihop_persona_qa,match_rate,0.0015833333333333333,30,120
delphi-3e19-2.5Bparams-1.9Btokens,3e+19,2500000000.0,1900000000.0,repetitive_answer,prob_margin,-0.3767466161960584,7,16000
delphi-3e19-2.5Bparams-1.9Btokens,3e+19,2500000000.0,1900000000.0,successive_answer,prob_margin,-0.12916844387262738,4,18380
delphi-3e19-2.5Bparams-1.9Btokens,3e+19,2500000000.0,1900000000.0,truthy_answer,prob_margin,-0.47559889575903314,2,2256
delphi-3e19-273Mparams-22.3Btokens,3e+19,273000000.0,22300000000.0,flipped_answer,prob_margin,-0.042704029120542615,8,28928
delphi-3e19-273Mparams-22.3Btokens,3e+19,273000000.0,22300000000.0,intuitive_answer,prob_margin,-0.064152386714276,1,600
delphi-3e19-273Mparams-22.3Btokens,3e+19,273000000.0,22300000000.0,multihop_persona_qa,match_rate,0.0013333333333333333,30,120
delphi-3e19-273Mparams-22.3Btokens,3e+19,273000000.0,22300000000.0,repetitive_answer,prob_margin,-0.3456314719188132,7,16000
delphi-3e19-273Mparams-22.3Btokens,3e+19,273000000.0,22300000000.0,successive_answer,prob_margin,-0.11206675153564447,4,18380
delphi-3e19-273Mparams-22.3Btokens,3e+19,273000000.0,22300000000.0,truthy_answer,prob_margin,-0.45435752169273486,2,2256
delphi-3e19-3.4Bparams-1.4Btokens,3e+19,3400000000.0,1400000000.0,flipped_answer,prob_margin,-0.03303227402088059,8,28928
delphi-3e19-3.4Bparams-1.4Btokens,3e+19,3400000000.0,1400000000.0,intuitive_answer,prob_margin,-0.026536434050056575,1,600
delphi-3e19-3.4Bparams-1.4Btokens,3e+19,3400000000.0,1400000000.0,multihop_persona_qa,match_rate,0.0029166666666666664,30,120
delphi-3e19-3.4Bparams-1.4Btokens,3e+19,3400000000.0,1400000000.0,repetitive_answer,prob_margin,-0.40030469868709734,7,16000
delphi-3e19-3.4Bparams-1.4Btokens,3e+19,3400000000.0,1400000000.0,successive_answer,prob_margin,-0.029580678814193396,4,18380
delphi-3e19-3.4Bparams-1.4Btokens,3e+19,3400000000.0,1400000000.0,truthy_answer,prob_margin,-0.3355298614099907,2,2256
delphi-3e19-4.3Bparams-1.1Btokens,3e+19,4300000000.0,1100000000.0,flipped_answer,prob_margin,-0.03280078292533195,8,28928
delphi-3e19-4.3Bparams-1.1Btokens,3e+19,4300000000.0,1100000000.0,intuitive_answer,prob_margin,-0.0399283803572613,1,600
delphi-3e19-4.3Bparams-1.1Btokens,3e+19,4300000000.0,1100000000.0,multihop_persona_qa,match_rate,0.0015,30,120
delphi-3e19-4.3Bparams-1.1Btokens,3e+19,4300000000.0,1100000000.0,repetitive_answer,prob_margin,-0.36417591354562756,7,16000
delphi-3e19-4.3Bparams-1.1Btokens,3e+19,4300000000.0,1100000000.0,successive_answer,prob_margin,-0.04705975982175904,4,18380
delphi-3e19-4.3Bparams-1.1Btokens,3e+19,4300000000.0,1100000000.0,truthy_answer,prob_margin,-0.40089124860975367,2,2256
delphi-3e19-447Mparams-12.2Btokens,3e+19,447000000.0,12200000000.0,flipped_answer,prob_margin,-0.023281017704590005,8,28928
delphi-3e19-447Mparams-12.2Btokens,3e+19,447000000.0,12200000000.0,intuitive_answer,prob_margin,-0.012774665322178323,1,600
delphi-3e19-447Mparams-12.2Btokens,3e+19,447000000.0,12200000000.0,multihop_persona_qa,match_rate,0.0022500000000000003,30,120
delphi-3e19-447Mparams-12.2Btokens,3e+19,447000000.0,12200000000.0,repetitive_answer,prob_margin,-0.4256823434807419,7,16000
delphi-3e19-447Mparams-12.2Btokens,3e+19,447000000.0,12200000000.0,successive_answer,prob_margin,-0.10800544484862058,4,18380
delphi-3e19-447Mparams-12.2Btokens,3e+19,447000000.0,12200000000.0,truthy_answer,prob_margin,-0.40953199055766076,2,2256
delphi-3e19-669Mparams-7.8Btokens,3e+19,669000000.0,7800000000.0,flipped_answer,prob_margin,-0.017612256262339292,8,28928
delphi-3e19-669Mparams-7.8Btokens,3e+19,669000000.0,7800000000.0,intuitive_answer,prob_margin,-0.00873423638401563,1,600
delphi-3e19-669Mparams-7.8Btokens,3e+19,669000000.0,7800000000.0,multihop_persona_qa,match_rate,0.0021666666666666666,30,120
delphi-3e19-669Mparams-7.8Btokens,3e+19,669000000.0,7800000000.0,repetitive_answer,prob_margin,-0.41522115788158487,7,16000
delphi-3e19-669Mparams-7.8Btokens,3e+19,669000000.0,7800000000.0,successive_answer,prob_margin,-0.14874562034962974,4,18380
delphi-3e19-669Mparams-7.8Btokens,3e+19,669000000.0,7800000000.0,truthy_answer,prob_margin,-0.4466993103680771,2,2256
delphi-3e19-998Mparams-5Btokens,3e+19,998000000.0,5000000000.0,flipped_answer,prob_margin,-0.0014339141557431368,8,28928
delphi-3e19-998Mparams-5Btokens,3e+19,998000000.0,5000000000.0,intuitive_answer,prob_margin,-0.01822339582520987,1,600
delphi-3e19-998Mparams-5Btokens,3e+19,998000000.0,5000000000.0,multihop_persona_qa,match_rate,0.0022500000000000003,30,120
delphi-3e19-998Mparams-5Btokens,3e+19,998000000.0,5000000000.0,repetitive_answer,prob_margin,-0.3610424872184212,7,16000
delphi-3e19-998Mparams-5Btokens,3e+19,998000000.0,5000000000.0,successive_answer,prob_margin,-0.12474199977976375,4,18380
delphi-3e19-998Mparams-5Btokens,3e+19,998000000.0,5000000000.0,truthy_answer,prob_margin,-0.45778228575770064,2,2256
delphi-3e20-1.4Bparams-35.2Btokens,3e+20,1400000000.0,35200000000.0,flipped_answer,prob_margin,0.010865327277034082,8,28928
delphi-3e20-1.4Bparams-35.2Btokens,3e+20,1400000000.0,35200000000.0,intuitive_answer,prob_margin,-0.021286958290690387,1,600
delphi-3e20-1.4Bparams-35.2Btokens,3e+20,1400000000.0,35200000000.0,multihop_persona_qa,match_rate,0.004416666666666667,30,120
delphi-3e20-1.4Bparams-35.2Btokens,3e+20,1400000000.0,35200000000.0,repetitive_answer,prob_margin,-0.3729880614162475,7,16000
delphi-3e20-1.4Bparams-35.2Btokens,3e+20,1400000000.0,35200000000.0,successive_answer,prob_margin,-0.339531415194953,4,18380
delphi-3e20-1.4Bparams-35.2Btokens,3e+20,1400000000.0,35200000000.0,truthy_answer,prob_margin,-0.4381400543807997,2,2256
delphi-3e20-1.9Bparams-24.7Btokens,3e+20,1900000000.0,24700000000.0,flipped_answer,prob_margin,0.006829075834925597,8,28928
delphi-3e20-1.9Bparams-24.7Btokens,3e+20,1900000000.0,24700000000.0,intuitive_answer,prob_margin,-0.0014137218947996581,1,600
delphi-3e20-1.9Bparams-24.7Btokens,3e+20,1900000000.0,24700000000.0,multihop_persona_qa,match_rate,0.0037500000000000003,30,120
delphi-3e20-1.9Bparams-24.7Btokens,3e+20,1900000000.0,24700000000.0,repetitive_answer,prob_margin,-0.40320320715633173,7,16000
delphi-3e20-1.9Bparams-24.7Btokens,3e+20,1900000000.0,24700000000.0,successive_answer,prob_margin,-0.2408665659400264,4,18380
delphi-3e20-1.9Bparams-24.7Btokens,3e+20,1900000000.0,24700000000.0,truthy_answer,prob_margin,-0.4088199509765903,2,2256
delphi-3e20-11.8Bparams-4Btokens,3e+20,11800000000.0,4000000000.0,flipped_answer,prob_margin,0.013051870845632488,8,28928
delphi-3e20-11.8Bparams-4Btokens,3e+20,11800000000.0,4000000000.0,intuitive_answer,prob_margin,-0.013883591424712894,1,600
delphi-3e20-11.8Bparams-4Btokens,3e+20,11800000000.0,4000000000.0,multihop_persona_qa,match_rate,0.005416666666666667,30,120
delphi-3e20-11.8Bparams-4Btokens,3e+20,11800000000.0,4000000000.0,repetitive_answer,prob_margin,-0.40533988567516416,7,16000
delphi-3e20-11.8Bparams-4Btokens,3e+20,11800000000.0,4000000000.0,successive_answer,prob_margin,-0.20330467149921078,4,18380
delphi-3e20-11.8Bparams-4Btokens,3e+20,11800000000.0,4000000000.0,truthy_answer,prob_margin,-0.44281057122747824,2,2256
delphi-3e20-2.5Bparams-18.6Btokens,3e+20,2500000000.0,18600000000.0,flipped_answer,prob_margin,0.007601850143409404,8,28928
delphi-3e20-2.5Bparams-18.6Btokens,3e+20,2500000000.0,18600000000.0,intuitive_answer,prob_margin,-0.006452551086360642,1,600
delphi-3e20-2.5Bparams-18.6Btokens,3e+20,2500000000.0,18600000000.0,multihop_persona_qa,match_rate,0.006416666666666667,30,120
delphi-3e20-2.5Bparams-18.6Btokens,3e+20,2500000000.0,18600000000.0,repetitive_answer,prob_margin,-0.4070284521527787,7,16000
delphi-3e20-2.5Bparams-18.6Btokens,3e+20,2500000000.0,18600000000.0,successive_answer,prob_margin,-0.22682914070611399,4,18380
delphi-3e20-2.5Bparams-18.6Btokens,3e+20,2500000000.0,18600000000.0,truthy_answer,prob_margin,-0.3616159361841132,2,2256
delphi-3e20-273Mparams-223Btokens,3e+20,273000000.0,223000000000.0,flipped_answer,prob_margin,-0.02266609256545174,8,28928
delphi-3e20-273Mparams-223Btokens,3e+20,273000000.0,223000000000.0,intuitive_answer,prob_margin,-0.004481179834191884,1,600
delphi-3e20-273Mparams-223Btokens,3e+20,273000000.0,223000000000.0,multihop_persona_qa,match_rate,0.0015,30,120
delphi-3e20-273Mparams-223Btokens,3e+20,273000000.0,223000000000.0,repetitive_answer,prob_margin,-0.37885192017578867,7,16000
delphi-3e20-273Mparams-223Btokens,3e+20,273000000.0,223000000000.0,successive_answer,prob_margin,-0.1004383576178905,4,18380
delphi-3e20-273Mparams-223Btokens,3e+20,273000000.0,223000000000.0,truthy_answer,prob_margin,-0.4324398923802206,2,2256
delphi-3e20-3.4Bparams-13.9Btokens,3e+20,3400000000.0,13900000000.0,flipped_answer,prob_margin,0.010385584194906632,8,28928
delphi-3e20-3.4Bparams-13.9Btokens,3e+20,3400000000.0,13900000000.0,intuitive_answer,prob_margin,-0.01602704319937044,1,600
delphi-3e20-3.4Bparams-13.9Btokens,3e+20,3400000000.0,13900000000.0,multihop_persona_qa,match_rate,0.004166666666666667,30,120
delphi-3e20-3.4Bparams-13.9Btokens,3e+20,3400000000.0,13900000000.0,repetitive_answer,prob_margin,-0.3481562762227619,7,16000
delphi-3e20-3.4Bparams-13.9Btokens,3e+20,3400000000.0,13900000000.0,successive_answer,prob_margin,-0.23917031016527673,4,18380
delphi-3e20-3.4Bparams-13.9Btokens,3e+20,3400000000.0,13900000000.0,truthy_answer,prob_margin,-0.35297973751209477,2,2256
delphi-3e20-4.3Bparams-11Btokens,3e+20,4300000000.0,11000000000.0,flipped_answer,prob_margin,-0.0012809659973846313,8,28928
delphi-3e20-4.3Bparams-11Btokens,3e+20,4300000000.0,11000000000.0,intuitive_answer,prob_margin,0.004617633812423862,1,600
delphi-3e20-4.3Bparams-11Btokens,3e+20,4300000000.0,11000000000.0,multihop_persona_qa,match_rate,0.007,30,120
delphi-3e20-4.3Bparams-11Btokens,3e+20,4300000000.0,11000000000.0,repetitive_answer,prob_margin,-0.3949977409065307,7,16000
delphi-3e20-4.3Bparams-11Btokens,3e+20,4300000000.0,11000000000.0,successive_answer,prob_margin,-0.25460393917171015,4,18380
delphi-3e20-4.3Bparams-11Btokens,3e+20,4300000000.0,11000000000.0,truthy_answer,prob_margin,-0.42837105967835815,2,2256
delphi-3e20-447Mparams-122Btokens,3e+20,447000000.0,122000000000.0,flipped_answer,prob_margin,-0.00378868135147197,8,28928
delphi-3e20-447Mparams-122Btokens,3e+20,447000000.0,122000000000.0,intuitive_answer,prob_margin,-0.0035665444464235037,1,600
delphi-3e20-447Mparams-122Btokens,3e+20,447000000.0,122000000000.0,multihop_persona_qa,match_rate,0.0035833333333333333,30,120
delphi-3e20-447Mparams-122Btokens,3e+20,447000000.0,122000000000.0,repetitive_answer,prob_margin,-0.3644018048763652,7,16000
delphi-3e20-447Mparams-122Btokens,3e+20,447000000.0,122000000000.0,successive_answer,prob_margin,-0.15793762511785533,4,18380
delphi-3e20-447Mparams-122Btokens,3e+20,447000000.0,122000000000.0,truthy_answer,prob_margin,-0.436497581572697,2,2256
delphi-3e20-5.3Bparams-8.8Btokens,3e+20,5300000000.0,8800000000.0,flipped_answer,prob_margin,0.05605359289962741,8,28928
delphi-3e20-5.3Bparams-8.8Btokens,3e+20,5300000000.0,8800000000.0,intuitive_answer,prob_margin,-0.01395909556580393,1,600
delphi-3e20-5.3Bparams-8.8Btokens,3e+20,5300000000.0,8800000000.0,multihop_persona_qa,match_rate,0.004833333333333334,30,120
delphi-3e20-5.3Bparams-8.8Btokens,3e+20,5300000000.0,8800000000.0,repetitive_answer,prob_margin,-0.4097163256752306,7,16000
delphi-3e20-5.3Bparams-8.8Btokens,3e+20,5300000000.0,8800000000.0,successive_answer,prob_margin,-0.24201102834254573,4,18380
delphi-3e20-5.3Bparams-8.8Btokens,3e+20,5300000000.0,8800000000.0,truthy_answer,prob_margin,-0.40972669519784266,2,2256
delphi-3e20-6.7Bparams-7Btokens,3e+20,6700000000.0,7000000000.0,flipped_answer,prob_margin,0.011605731228237572,8,28928
delphi-3e20-6.7Bparams-7Btokens,3e+20,6700000000.0,7000000000.0,intuitive_answer,prob_margin,-0.013486216766713677,1,600
delphi-3e20-6.7Bparams-7Btokens,3e+20,6700000000.0,7000000000.0,multihop_persona_qa,match_rate,0.0037500000000000003,30,120
delphi-3e20-6.7Bparams-7Btokens,3e+20,6700000000.0,7000000000.0,repetitive_answer,prob_margin,-0.3883377815658798,7,16000
delphi-3e20-6.7Bparams-7Btokens,3e+20,6700000000.0,7000000000.0,successive_answer,prob_margin,-0.3041102850257221,4,18380
delphi-3e20-6.7Bparams-7Btokens,3e+20,6700000000.0,7000000000.0,truthy_answer,prob_margin,-0.41207412782674846,2,2256
delphi-3e20-669Mparams-77.9Btokens,3e+20,669000000.0,77900000000.0,flipped_answer,prob_margin,-0.021443623342526773,8,28928
delphi-3e20-669Mparams-77.9Btokens,3e+20,669000000.0,77900000000.0,intuitive_answer,prob_margin,-0.019925080066793062,1,600
delphi-3e20-669Mparams-77.9Btokens,3e+20,669000000.0,77900000000.0,multihop_persona_qa,match_rate,0.0031666666666666666,30,120
delphi-3e20-669Mparams-77.9Btokens,3e+20,669000000.0,77900000000.0,repetitive_answer,prob_margin,-0.4050689806326046,7,16000
delphi-3e20-669Mparams-77.9Btokens,3e+20,669000000.0,77900000000.0,successive_answer,prob_margin,-0.2949676459726396,4,18380
delphi-3e20-669Mparams-77.9Btokens,3e+20,669000000.0,77900000000.0,truthy_answer,prob_margin,-0.44374792459771406,2,2256
delphi-3e20-8.1Bparams-5.8Btokens,3e+20,8100000000.0,5800000000.0,flipped_answer,prob_margin,0.010043165243876636,8,28928
delphi-3e20-8.1Bparams-5.8Btokens,3e+20,8100000000.0,5800000000.0,intuitive_answer,prob_margin,-0.012521709139920546,1,600
delphi-3e20-8.1Bparams-5.8Btokens,3e+20,8100000000.0,5800000000.0,multihop_persona_qa,match_rate,0.0025,30,120
delphi-3e20-8.1Bparams-5.8Btokens,3e+20,8100000000.0,5800000000.0,repetitive_answer,prob_margin,-0.3985432351583888,7,16000
delphi-3e20-8.1Bparams-5.8Btokens,3e+20,8100000000.0,5800000000.0,successive_answer,prob_margin,-0.2634617900909527,4,18380
delphi-3e20-8.1Bparams-5.8Btokens,3e+20,8100000000.0,5800000000.0,truthy_answer,prob_margin,-0.3921521070159949,2,2256
delphi-3e20-9.7Bparams-4.8Btokens,3e+20,9700000000.0,4800000000.0,flipped_answer,prob_margin,0.00041353151766143577,8,28928
delphi-3e20-9.7Bparams-4.8Btokens,3e+20,9700000000.0,4800000000.0,intuitive_answer,prob_margin,-0.016686204746748513,1,600
delphi-3e20-9.7Bparams-4.8Btokens,3e+20,9700000000.0,4800000000.0,multihop_persona_qa,match_rate,0.004666666666666667,30,120
delphi-3e20-9.7Bparams-4.8Btokens,3e+20,9700000000.0,4800000000.0,repetitive_answer,prob_margin,-0.40100734682399963,7,16000
delphi-3e20-9.7Bparams-4.8Btokens,3e+20,9700000000.0,4800000000.0,successive_answer,prob_margin,-0.17586489699834612,4,18380
delphi-3e20-9.7Bparams-4.8Btokens,3e+20,9700000000.0,4800000000.0,truthy_answer,prob_margin,-0.44322752447183833,2,2256
delphi-3e20-998Mparams-49.8Btokens,3e+20,998000000.0,49800000000.0,flipped_answer,prob_margin,0.002481246911269816,8,28928
delphi-3e20-998Mparams-49.8Btokens,3e+20,998000000.0,49800000000.0,intuitive_answer,prob_margin,-0.0008974238950657572,1,600
delphi-3e20-998Mparams-49.8Btokens,3e+20,998000000.0,49800000000.0,multihop_persona_qa,match_rate,0.0035000000000000005,30,120
delphi-3e20-998Mparams-49.8Btokens,3e+20,998000000.0,49800000000.0,repetitive_answer,prob_margin,-0.38264135662104576,7,16000
delphi-3e20-998Mparams-49.8Btokens,3e+20,998000000.0,49800000000.0,successive_answer,prob_margin,-0.267883158313655,4,18380
delphi-3e20-998Mparams-49.8Btokens,3e+20,998000000.0,49800000000.0,truthy_answer,prob_margin,-0.3819282025125994,2,2256
delphi-9e18-1.2Bparams-1.3Btokens,9e+18,1200000000.0,1300000000.0,flipped_answer,prob_margin,-0.046166541667451405,8,28928
delphi-9e18-1.2Bparams-1.3Btokens,9e+18,1200000000.0,1300000000.0,intuitive_answer,prob_margin,-0.04119916319841278,1,600
delphi-9e18-1.2Bparams-1.3Btokens,9e+18,1200000000.0,1300000000.0,multihop_persona_qa,match_rate,0.0023333333333333335,30,120
delphi-9e18-1.2Bparams-1.3Btokens,9e+18,1200000000.0,1300000000.0,repetitive_answer,prob_margin,-0.3777743433910944,7,16000
delphi-9e18-1.2Bparams-1.3Btokens,9e+18,1200000000.0,1300000000.0,successive_answer,prob_margin,-0.06465771990534394,4,18380
delphi-9e18-1.2Bparams-1.3Btokens,9e+18,1200000000.0,1300000000.0,truthy_answer,prob_margin,-0.35296694442071475,2,2256
delphi-9e18-157Mparams-12.9Btokens,9e+18,157000000.0,12900000000.0,flipped_answer,prob_margin,-0.020235637125395146,8,28928
delphi-9e18-157Mparams-12.9Btokens,9e+18,157000000.0,12900000000.0,intuitive_answer,prob_margin,-0.01809414865153091,1,600
delphi-9e18-157Mparams-12.9Btokens,9e+18,157000000.0,12900000000.0,multihop_persona_qa,match_rate,0.0008333333333333334,30,120
delphi-9e18-157Mparams-12.9Btokens,9e+18,157000000.0,12900000000.0,repetitive_answer,prob_margin,-0.2850823082281312,7,16000
delphi-9e18-157Mparams-12.9Btokens,9e+18,157000000.0,12900000000.0,successive_answer,prob_margin,-0.07711124978357707,4,18380
delphi-9e18-157Mparams-12.9Btokens,9e+18,157000000.0,12900000000.0,truthy_answer,prob_margin,-0.41745625770858596,2,2256
delphi-9e18-210Mparams-9.1Btokens,9e+18,210000000.0,9100000000.0,flipped_answer,prob_margin,-0.03499265883143148,8,28928
delphi-9e18-210Mparams-9.1Btokens,9e+18,210000000.0,9100000000.0,intuitive_answer,prob_margin,-0.034390106816332235,1,600
delphi-9e18-210Mparams-9.1Btokens,9e+18,210000000.0,9100000000.0,multihop_persona_qa,match_rate,0.0015833333333333333,30,120
delphi-9e18-210Mparams-9.1Btokens,9e+18,210000000.0,9100000000.0,repetitive_answer,prob_margin,-0.33207505155667155,7,16000
delphi-9e18-210Mparams-9.1Btokens,9e+18,210000000.0,9100000000.0,successive_answer,prob_margin,-0.045615712798862375,4,18380
delphi-9e18-210Mparams-9.1Btokens,9e+18,210000000.0,9100000000.0,truthy_answer,prob_margin,-0.3993542925436603,2,2256
delphi-9e18-273Mparams-6.7Btokens,9e+18,273000000.0,6700000000.0,flipped_answer,prob_margin,-0.04315305551491565,8,28928
delphi-9e18-273Mparams-6.7Btokens,9e+18,273000000.0,6700000000.0,intuitive_answer,prob_margin,-0.03836025212956007,1,600
delphi-9e18-273Mparams-6.7Btokens,9e+18,273000000.0,6700000000.0,multihop_persona_qa,match_rate,0.0011666666666666668,30,120
delphi-9e18-273Mparams-6.7Btokens,9e+18,273000000.0,6700000000.0,repetitive_answer,prob_margin,-0.36411589982483555,7,16000
delphi-9e18-273Mparams-6.7Btokens,9e+18,273000000.0,6700000000.0,successive_answer,prob_margin,-0.047238009908164735,4,18380
delphi-9e18-273Mparams-6.7Btokens,9e+18,273000000.0,6700000000.0,truthy_answer,prob_margin,-0.38799499393219883,2,2256
delphi-9e18-358Mparams-4.7Btokens,9e+18,358000000.0,4700000000.0,flipped_answer,prob_margin,-0.0278362835781314,8,28928
delphi-9e18-358Mparams-4.7Btokens,9e+18,358000000.0,4700000000.0,intuitive_answer,prob_margin,-0.02816781550913332,1,600
delphi-9e18-358Mparams-4.7Btokens,9e+18,358000000.0,4700000000.0,multihop_persona_qa,match_rate,0.00125,30,120
delphi-9e18-358Mparams-4.7Btokens,9e+18,358000000.0,4700000000.0,repetitive_answer,prob_margin,-0.3973755099770408,7,16000
delphi-9e18-358Mparams-4.7Btokens,9e+18,358000000.0,4700000000.0,successive_answer,prob_margin,-0.0724179620778711,4,18380
delphi-9e18-358Mparams-4.7Btokens,9e+18,358000000.0,4700000000.0,truthy_answer,prob_margin,-0.4621783849212699,2,2256
delphi-9e18-447Mparams-3.7Btokens,9e+18,447000000.0,3700000000.0,flipped_answer,prob_margin,-0.03493189492490441,8,28928
delphi-9e18-447Mparams-3.7Btokens,9e+18,447000000.0,3700000000.0,intuitive_answer,prob_margin,-0.02784473683747143,1,600
delphi-9e18-447Mparams-3.7Btokens,9e+18,447000000.0,3700000000.0,multihop_persona_qa,match_rate,0.0013333333333333333,30,120
delphi-9e18-447Mparams-3.7Btokens,9e+18,447000000.0,3700000000.0,repetitive_answer,prob_margin,-0.36321157339872207,7,16000
delphi-9e18-447Mparams-3.7Btokens,9e+18,447000000.0,3700000000.0,successive_answer,prob_margin,-0.09743989978521903,4,18380
delphi-9e18-447Mparams-3.7Btokens,9e+18,447000000.0,3700000000.0,truthy_answer,prob_margin,-0.4474455599535067,2,2256
delphi-9e18-550Mparams-2.9Btokens,9e+18,550000000.0,2900000000.0,flipped_answer,prob_margin,-0.03185931283096498,8,28928
delphi-9e18-550Mparams-2.9Btokens,9e+18,550000000.0,2900000000.0,intuitive_answer,prob_margin,-0.051198776909884176,1,600
delphi-9e18-550Mparams-2.9Btokens,9e+18,550000000.0,2900000000.0,multihop_persona_qa,match_rate,0.0016666666666666668,30,120
delphi-9e18-550Mparams-2.9Btokens,9e+18,550000000.0,2900000000.0,repetitive_answer,prob_margin,-0.3943866945020996,7,16000
delphi-9e18-550Mparams-2.9Btokens,9e+18,550000000.0,2900000000.0,successive_answer,prob_margin,-0.11619913183778552,4,18380
delphi-9e18-550Mparams-2.9Btokens,9e+18,550000000.0,2900000000.0,truthy_answer,prob_margin,-0.3659934900266049,2,2256
delphi-9e18-669Mparams-2.3Btokens,9e+18,669000000.0,2300000000.0,flipped_answer,prob_margin,-0.03135565292243507,8,28928
delphi-9e18-669Mparams-2.3Btokens,9e+18,669000000.0,2300000000.0,intuitive_answer,prob_margin,-0.03530884322000617,1,600
delphi-9e18-669Mparams-2.3Btokens,9e+18,669000000.0,2300000000.0,multihop_persona_qa,match_rate,0.0025833333333333333,30,120
delphi-9e18-669Mparams-2.3Btokens,9e+18,669000000.0,2300000000.0,repetitive_answer,prob_margin,-0.2648604145143642,7,16000
delphi-9e18-669Mparams-2.3Btokens,9e+18,669000000.0,2300000000.0,successive_answer,prob_margin,-0.09958746574080755,4,18380
delphi-9e18-669Mparams-2.3Btokens,9e+18,669000000.0,2300000000.0,truthy_answer,prob_margin,-0.4127669145820999,2,2256
delphi-9e18-837Mparams-1.8Btokens,9e+18,837000000.0,1800000000.0,flipped_answer,prob_margin,-0.05228966801030335,8,28928
delphi-9e18-837Mparams-1.8Btokens,9e+18,837000000.0,1800000000.0,intuitive_answer,prob_margin,-0.05212417960586871,1,600
delphi-9e18-837Mparams-1.8Btokens,9e+18,837000000.0,1800000000.0,multihop_persona_qa,match_rate,0.0019166666666666668,30,120
delphi-9e18-837Mparams-1.8Btokens,9e+18,837000000.0,1800000000.0,repetitive_answer,prob_margin,-0.29363561571849844,7,16000
delphi-9e18-837Mparams-1.8Btokens,9e+18,837000000.0,1800000000.0,successive_answer,prob_margin,-0.05152796884598988,4,18380
delphi-9e18-837Mparams-1.8Btokens,9e+18,837000000.0,1800000000.0,truthy_answer,prob_margin,-0.45204661191296047,2,2256
delphi-9e18-998Mparams-1.5Btokens,9e+18,998000000.0,1500000000.0,flipped_answer,prob_margin,-0.034815481865278025,8,28928
delphi-9e18-998Mparams-1.5Btokens,9e+18,998000000.0,1500000000.0,intuitive_answer,prob_margin,-0.05647524557835207,1,600
delphi-9e18-998Mparams-1.5Btokens,9e+18,998000000.0,1500000000.0,multihop_persona_qa,match_rate,0.0015,30,120
delphi-9e18-998Mparams-1.5Btokens,9e+18,998000000.0,1500000000.0,repetitive_answer,prob_margin,-0.2979993327699369,7,16000
delphi-9e18-998Mparams-1.5Btokens,9e+18,998000000.0,1500000000.0,successive_answer,prob_margin,-0.015442432454569919,4,18380
delphi-9e18-998Mparams-1.5Btokens,9e+18,998000000.0,1500000000.0,truthy_answer,prob_margin,-0.44605154226140054,2,2256
delphi-9e19-1.4Bparams-10.6Btokens,9e+19,1400000000.0,10600000000.0,flipped_answer,prob_margin,-0.03594270799975412,8,28928
delphi-9e19-1.4Bparams-10.6Btokens,9e+19,1400000000.0,10600000000.0,intuitive_answer,prob_margin,-0.007699587918550068,1,600
delphi-9e19-1.4Bparams-10.6Btokens,9e+19,1400000000.0,10600000000.0,multihop_persona_qa,match_rate,0.0036666666666666666,30,120
delphi-9e19-1.4Bparams-10.6Btokens,9e+19,1400000000.0,10600000000.0,repetitive_answer,prob_margin,-0.41144371391317064,7,16000
delphi-9e19-1.4Bparams-10.6Btokens,9e+19,1400000000.0,10600000000.0,successive_answer,prob_margin,-0.24506657397564557,4,18380
delphi-9e19-1.4Bparams-10.6Btokens,9e+19,1400000000.0,10600000000.0,truthy_answer,prob_margin,-0.33035074149923255,2,2256
delphi-9e19-1.9Bparams-7.4Btokens,9e+19,1900000000.0,7400000000.0,flipped_answer,prob_margin,-0.025034445480584082,8,28928
delphi-9e19-1.9Bparams-7.4Btokens,9e+19,1900000000.0,7400000000.0,intuitive_answer,prob_margin,-0.002820662198078184,1,600
delphi-9e19-1.9Bparams-7.4Btokens,9e+19,1900000000.0,7400000000.0,multihop_persona_qa,match_rate,0.003916666666666667,30,120
delphi-9e19-1.9Bparams-7.4Btokens,9e+19,1900000000.0,7400000000.0,repetitive_answer,prob_margin,-0.40481915623954035,7,16000
delphi-9e19-1.9Bparams-7.4Btokens,9e+19,1900000000.0,7400000000.0,successive_answer,prob_margin,-0.19395928775024107,4,18380
delphi-9e19-1.9Bparams-7.4Btokens,9e+19,1900000000.0,7400000000.0,truthy_answer,prob_margin,-0.3570431967961379,2,2256
delphi-9e19-11.8Bparams-1.2Btokens,9e+19,11800000000.0,1200000000.0,flipped_answer,prob_margin,-0.04925725526207676,8,28928
delphi-9e19-11.8Bparams-1.2Btokens,9e+19,11800000000.0,1200000000.0,intuitive_answer,prob_margin,-0.02209357895709905,1,600
delphi-9e19-11.8Bparams-1.2Btokens,9e+19,11800000000.0,1200000000.0,multihop_persona_qa,match_rate,0.0019166666666666668,30,120
delphi-9e19-11.8Bparams-1.2Btokens,9e+19,11800000000.0,1200000000.0,repetitive_answer,prob_margin,-0.3843809864821564,7,16000
delphi-9e19-11.8Bparams-1.2Btokens,9e+19,11800000000.0,1200000000.0,successive_answer,prob_margin,-0.04275310347984292,4,18380
delphi-9e19-11.8Bparams-1.2Btokens,9e+19,11800000000.0,1200000000.0,truthy_answer,prob_margin,-0.34080738341819816,2,2256
delphi-9e19-2.5Bparams-5.6Btokens,9e+19,2500000000.0,5600000000.0,flipped_answer,prob_margin,-0.03980527413082174,8,28928
delphi-9e19-2.5Bparams-5.6Btokens,9e+19,2500000000.0,5600000000.0,intuitive_answer,prob_margin,-0.008217197426923168,1,600
delphi-9e19-2.5Bparams-5.6Btokens,9e+19,2500000000.0,5600000000.0,multihop_persona_qa,match_rate,0.0037500000000000003,30,120
delphi-9e19-2.5Bparams-5.6Btokens,9e+19,2500000000.0,5600000000.0,repetitive_answer,prob_margin,-0.4114247681620404,7,16000
delphi-9e19-2.5Bparams-5.6Btokens,9e+19,2500000000.0,5600000000.0,successive_answer,prob_margin,-0.16006336656860165,4,18380
delphi-9e19-2.5Bparams-5.6Btokens,9e+19,2500000000.0,5600000000.0,truthy_answer,prob_margin,-0.47364210611029545,2,2256
delphi-9e19-273Mparams-66.8Btokens,9e+19,273000000.0,66800000000.0,flipped_answer,prob_margin,-0.04640104546303091,8,28928
delphi-9e19-273Mparams-66.8Btokens,9e+19,273000000.0,66800000000.0,intuitive_answer,prob_margin,-0.018555366826375062,1,600
delphi-9e19-273Mparams-66.8Btokens,9e+19,273000000.0,66800000000.0,multihop_persona_qa,match_rate,0.001,30,120
delphi-9e19-273Mparams-66.8Btokens,9e+19,273000000.0,66800000000.0,repetitive_answer,prob_margin,-0.40329419294244084,7,16000
delphi-9e19-273Mparams-66.8Btokens,9e+19,273000000.0,66800000000.0,successive_answer,prob_margin,-0.0931327409207548,4,18380
delphi-9e19-273Mparams-66.8Btokens,9e+19,273000000.0,66800000000.0,truthy_answer,prob_margin,-0.4412152530499135,2,2256
delphi-9e19-3.4Bparams-4.2Btokens,9e+19,3400000000.0,4200000000.0,flipped_answer,prob_margin,-0.0861901060535937,8,28928
delphi-9e19-3.4Bparams-4.2Btokens,9e+19,3400000000.0,4200000000.0,intuitive_answer,prob_margin,-0.01435401727595797,1,600
delphi-9e19-3.4Bparams-4.2Btokens,9e+19,3400000000.0,4200000000.0,multihop_persona_qa,match_rate,0.003,30,120
delphi-9e19-3.4Bparams-4.2Btokens,9e+19,3400000000.0,4200000000.0,repetitive_answer,prob_margin,-0.4566307739692229,7,16000
delphi-9e19-3.4Bparams-4.2Btokens,9e+19,3400000000.0,4200000000.0,successive_answer,prob_margin,-0.1708368858719634,4,18380
delphi-9e19-3.4Bparams-4.2Btokens,9e+19,3400000000.0,4200000000.0,truthy_answer,prob_margin,-0.47539694908631625,2,2256
delphi-9e19-4.3Bparams-3.3Btokens,9e+19,4300000000.0,3300000000.0,flipped_answer,prob_margin,-0.04845561646438503,8,28928
delphi-9e19-4.3Bparams-3.3Btokens,9e+19,4300000000.0,3300000000.0,intuitive_answer,prob_margin,-0.03654114409761018,1,600
delphi-9e19-4.3Bparams-3.3Btokens,9e+19,4300000000.0,3300000000.0,multihop_persona_qa,match_rate,0.0022500000000000003,30,120
delphi-9e19-4.3Bparams-3.3Btokens,9e+19,4300000000.0,3300000000.0,repetitive_answer,prob_margin,-0.3943005686296862,7,16000
delphi-9e19-4.3Bparams-3.3Btokens,9e+19,4300000000.0,3300000000.0,successive_answer,prob_margin,-0.2197617956898933,4,18380
delphi-9e19-4.3Bparams-3.3Btokens,9e+19,4300000000.0,3300000000.0,truthy_answer,prob_margin,-0.43367159146135065,2,2256
delphi-9e19-447Mparams-36.7Btokens,9e+19,447000000.0,36700000000.0,flipped_answer,prob_margin,-0.041503335552839346,8,28928
delphi-9e19-447Mparams-36.7Btokens,9e+19,447000000.0,36700000000.0,intuitive_answer,prob_margin,0.014050410975654327,1,600
delphi-9e19-447Mparams-36.7Btokens,9e+19,447000000.0,36700000000.0,multihop_persona_qa,match_rate,0.0027500000000000003,30,120
delphi-9e19-447Mparams-36.7Btokens,9e+19,447000000.0,36700000000.0,repetitive_answer,prob_margin,-0.4313569585481917,7,16000
delphi-9e19-447Mparams-36.7Btokens,9e+19,447000000.0,36700000000.0,successive_answer,prob_margin,-0.1358162390779112,4,18380
delphi-9e19-447Mparams-36.7Btokens,9e+19,447000000.0,36700000000.0,truthy_answer,prob_margin,-0.47357608605240975,2,2256
delphi-9e19-5.3Bparams-2.6Btokens,9e+19,5300000000.0,2600000000.0,flipped_answer,prob_margin,-0.04206783997489438,8,28928
delphi-9e19-5.3Bparams-2.6Btokens,9e+19,5300000000.0,2600000000.0,intuitive_answer,prob_margin,-0.01724589540803552,1,600
delphi-9e19-5.3Bparams-2.6Btokens,9e+19,5300000000.0,2600000000.0,multihop_persona_qa,match_rate,0.002,30,120
delphi-9e19-5.3Bparams-2.6Btokens,9e+19,5300000000.0,2600000000.0,repetitive_answer,prob_margin,-0.39357512889459606,7,16000
delphi-9e19-5.3Bparams-2.6Btokens,9e+19,5300000000.0,2600000000.0,successive_answer,prob_margin,-0.15667288622893252,4,18380
delphi-9e19-5.3Bparams-2.6Btokens,9e+19,5300000000.0,2600000000.0,truthy_answer,prob_margin,-0.4045659053956968,2,2256
delphi-9e19-6.7Bparams-2.1Btokens,9e+19,6700000000.0,2100000000.0,flipped_answer,prob_margin,-0.014972706587512253,8,28928
delphi-9e19-6.7Bparams-2.1Btokens,9e+19,6700000000.0,2100000000.0,intuitive_answer,prob_margin,-0.028567582991788066,1,600
delphi-9e19-6.7Bparams-2.1Btokens,9e+19,6700000000.0,2100000000.0,multihop_persona_qa,match_rate,0.0020833333333333333,30,120
delphi-9e19-6.7Bparams-2.1Btokens,9e+19,6700000000.0,2100000000.0,repetitive_answer,prob_margin,-0.36046099636911827,7,16000
delphi-9e19-6.7Bparams-2.1Btokens,9e+19,6700000000.0,2100000000.0,successive_answer,prob_margin,-0.13037207925034536,4,18380
delphi-9e19-6.7Bparams-2.1Btokens,9e+19,6700000000.0,2100000000.0,truthy_answer,prob_margin,-0.44419541153641817,2,2256
delphi-9e19-669Mparams-23.4Btokens,9e+19,669000000.0,23400000000.0,flipped_answer,prob_margin,-0.030716430508733586,8,28928
delphi-9e19-669Mparams-23.4Btokens,9e+19,669000000.0,23400000000.0,intuitive_answer,prob_margin,-0.009637105498496924,1,600
delphi-9e19-669Mparams-23.4Btokens,9e+19,669000000.0,23400000000.0,multihop_persona_qa,match_rate,0.002833333333333333,30,120
delphi-9e19-669Mparams-23.4Btokens,9e+19,669000000.0,23400000000.0,repetitive_answer,prob_margin,-0.3855427876990157,7,16000
delphi-9e19-669Mparams-23.4Btokens,9e+19,669000000.0,23400000000.0,successive_answer,prob_margin,-0.2359843248240094,4,18380
delphi-9e19-669Mparams-23.4Btokens,9e+19,669000000.0,23400000000.0,truthy_answer,prob_margin,-0.44308207777361364,2,2256
delphi-9e19-8.1Bparams-1.7Btokens,9e+19,8100000000.0,1700000000.0,flipped_answer,prob_margin,-0.0028431850073790156,8,28928
delphi-9e19-8.1Bparams-1.7Btokens,9e+19,8100000000.0,1700000000.0,intuitive_answer,prob_margin,-0.027664459036227225,1,600
delphi-9e19-8.1Bparams-1.7Btokens,9e+19,8100000000.0,1700000000.0,multihop_persona_qa,match_rate,0.0016666666666666668,30,120
delphi-9e19-8.1Bparams-1.7Btokens,9e+19,8100000000.0,1700000000.0,repetitive_answer,prob_margin,-0.388021559355393,7,16000
delphi-9e19-8.1Bparams-1.7Btokens,9e+19,8100000000.0,1700000000.0,successive_answer,prob_margin,-0.12658945688103346,4,18380
delphi-9e19-8.1Bparams-1.7Btokens,9e+19,8100000000.0,1700000000.0,truthy_answer,prob_margin,-0.4768606779471226,2,2256
delphi-9e19-9.7Bparams-1.4Btokens,9e+19,9700000000.0,1400000000.0,flipped_answer,prob_margin,-0.01987297469103412,8,28928
delphi-9e19-9.7Bparams-1.4Btokens,9e+19,9700000000.0,1400000000.0,intuitive_answer,prob_margin,-0.033593039566944614,1,600
delphi-9e19-9.7Bparams-1.4Btokens,9e+19,9700000000.0,1400000000.0,multihop_persona_qa,match_rate,0.0020833333333333333,30,120
delphi-9e19-9.7Bparams-1.4Btokens,9e+19,9700000000.0,1400000000.0,repetitive_answer,prob_margin,-0.33821499619001355,7,16000
delphi-9e19-9.7Bparams-1.4Btokens,9e+19,9700000000.0,1400000000.0,successive_answer,prob_margin,-0.04563276608069722,4,18380
delphi-9e19-9.7Bparams-1.4Btokens,9e+19,9700000000.0,1400000000.0,truthy_answer,prob_margin,-0.45253140017561144,2,2256
delphi-9e19-998Mparams-14.9Btokens,9e+19,998000000.0,14900000000.0,flipped_answer,prob_margin,0.010868648058229386,8,28928
delphi-9e19-998Mparams-14.9Btokens,9e+19,998000000.0,14900000000.0,intuitive_answer,prob_margin,-0.018532853283891714,1,600
delphi-9e19-998Mparams-14.9Btokens,9e+19,998000000.0,14900000000.0,multihop_persona_qa,match_rate,0.0029166666666666664,30,120
delphi-9e19-998Mparams-14.9Btokens,9e+19,998000000.0,14900000000.0,repetitive_answer,prob_margin,-0.42246616559441463,7,16000
delphi-9e19-998Mparams-14.9Btokens,9e+19,998000000.0,14900000000.0,successive_answer,prob_margin,-0.23694093152278567,4,18380
delphi-9e19-998Mparams-14.9Btokens,9e+19,998000000.0,14900000000.0,truthy_answer,prob_margin,-0.4529667373799324,2,2256
